Miscelleneuos,{filename},data/download/Computer System Fundamentals.pdf
Miscelleneuos,{filename},data/download/Excercise 1 - Writing Expressions.pdf
Miscelleneuos,{filename},data/download/Excercise 2 - Number System (Base Form).pdf
Miscelleneuos,{filename},data/download/Excercise 3 - Number System (Double Dabble).pdf
Miscelleneuos,{filename},data/download/Excercise 4 - Number System (Binary Coded Number).pdf
Miscelleneuos,{filename},data/download/Excercise 5 - Binary Number System (Negative Numbers).pdf
Miscelleneuos,{filename},data/download/Excercise 6 - Signed Binary Numbers (2'\''s Compliment).pdf
Miscelleneuos,{filename},data/download/Excercise 7 - Bits and Bytes.pdf
Miscelleneuos,{filename},data/download/Excercise 8 - Number System (Scientific Notation).pdf
Miscelleneuos,{filename},data/download/Flow Chart Basics.pdf
Miscelleneuos,{filename},data/download/High Level Languages.pdf
Miscelleneuos,{filename},data/download/Number Systems.pdf
Miscelleneuos,{filename},data/download/Software Engineering Concepts.pdf
